experiment,epsilon_start,model_dir,R@1,R@3,R@5,R@10,R@20,recall_all,first_rank,t_cnt,log_path,notes
epsilon_eps005_top5,0.05,Results/Models/20260425104442-2el192fd128.128GRUh-allCharts-RL,0.4147999382048509,0.78371697821721,0.848524640815696,0.9182759153406458,0.9547350532983161,0.955739224470879,"2.76*12373",12946,Results/Models/20260425104442-2el192fd128.128GRUh-allCharts-RL/evaluations/test-epsilon-eps005-top5-20260425/[test-summary]20260425T1821.log,2x4090 regenerated PlotlyTable2Charts formal test_agent_mp.py final eval
epsilon_eps010_top5,0.10,Results/Models/20260425110039-2el192fd128.128GRUh-allCharts-RL,0.4017457129615325,0.7562181368762552,0.8318399505638807,0.9046037386065194,0.956434419898038,0.9575158350069519,"3.00*12396",12946,Results/Models/20260425110039-2el192fd128.128GRUh-allCharts-RL/evaluations/test-epsilon-eps010-top5-20260425/[test-summary]20260425T1826.log,2x4090 regenerated PlotlyTable2Charts formal test_agent_mp.py final eval
epsilon_eps020_top5,0.20,Results/Models/20260425111651-2el192fd128.128GRUh-allCharts-RL,0.4253051135485864,0.7948401050517534,0.8607291827591534,0.9217518924764406,0.956666151707091,0.957052371388846,"2.64*12390",12946,Results/Models/20260425111651-2el192fd128.128GRUh-allCharts-RL/evaluations/test-epsilon-eps020-top5-20260425/[test-summary]20260425T1832.log,2x4090 regenerated PlotlyTable2Charts formal test_agent_mp.py final eval
epsilon_eps030_top5,0.30,Results/Models/20260425113303-2el192fd128.128GRUh-allCharts-RL,0.4171945002317318,0.7735980225552295,0.8441989803800402,0.9184304032133478,0.9529584427622432,0.9529584427622432,"2.71*12337",12946,Results/Models/20260425113303-2el192fd128.128GRUh-allCharts-RL/evaluations/test-epsilon-eps030-top5-20260425/[test-summary]20260425T1838.log,2x4090 regenerated PlotlyTable2Charts formal test_agent_mp.py final eval
